{"cameraMode":{"drawMode":0,"name":"Shaded","section":"Shading Mode"},"sceneLighting":true,"audioPlay":false,"sceneViewState":{"m_AlwaysRefresh":false,"showFog":true,"showSkybox":true,"showFlares":true,"showImageEffects":true,"showParticleSystems":true,"showVisualEffectGraphs":true,"m_FxEnabled":true},"in2DMode":false,"pivot":{"x":25.35671043395996,"y":10.06773567199707,"z":-22.74056053161621},"rotation":{"x":0.0036578052677214147,"y":-0.9192999601364136,"z":0.39344874024391177,"w":0.008546281605958939},"size":22.672388076782228,"orthographic":true}