{"cameraMode":{"drawMode":0,"name":"Shaded","section":"Shading Mode"},"sceneLighting":false,"audioPlay":false,"sceneViewState":{"m_AlwaysRefresh":false,"showFog":true,"showSkybox":false,"showFlares":true,"showImageEffects":true,"showParticleSystems":true,"showVisualEffectGraphs":true,"m_FxEnabled":true},"in2DMode":false,"pivot":{"x":30.634777069091798,"y":5.0693888664245609,"z":-32.507911682128909},"rotation":{"x":-0.0026165759190917017,"y":0.9837630391120911,"z":-0.17941933870315553,"w":-0.014471860602498055},"size":11.909555435180664,"orthographic":true}