{"cameraMode":{"drawMode":0,"name":"Shaded","section":"Shading Mode"},"sceneLighting":false,"audioPlay":false,"sceneViewState":{"m_AlwaysRefresh":false,"showFog":true,"showSkybox":false,"showFlares":true,"showImageEffects":true,"showParticleSystems":true,"showVisualEffectGraphs":true,"m_FxEnabled":true},"in2DMode":false,"pivot":{"x":67.64945983886719,"y":1.0000076293945313,"z":-41.717140197753909},"rotation":{"x":-0.002800385234877467,"y":-0.9483224153518677,"z":0.3173159062862396,"w":-0.00824110209941864},"size":1241.4373779296875,"orthographic":true}